{
  "lang":"en",
  "name":"pipeline",
  "version":"0.0.0",
  "spacy_version":">=3.2.1,<3.3.0",
  "description":"",
  "author":"",
  "email":"",
  "url":"",
  "license":"",
  "spacy_git_version":"800737b41",
  "vectors":{
    "width":0,
    "vectors":0,
    "keys":0,
    "name":null,
    "mode":"default"
  },
  "labels":{
    "textcat":[
      "happiness",
      "boredom",
      "fun",
      "enthusiasm",
      "love",
      "anger",
      "neutral",
      "surprise",
      "relief",
      "worry",
      "hate",
      "sadness"
    ]
  },
  "pipeline":[
    "textcat"
  ],
  "components":[
    "textcat"
  ],
  "disabled":[

  ],
  "performance":{
    "cats_score":0.1351776652,
    "cats_score_desc":"macro F",
    "cats_micro_p":0.3038443724,
    "cats_micro_r":0.1681835662,
    "cats_micro_f":0.2165195148,
    "cats_macro_p":0.1999528888,
    "cats_macro_r":0.1044426622,
    "cats_macro_f":0.1351776652,
    "cats_macro_auc":0.6044590934,
    "cats_f_per_type":{
      "happiness":{
        "p":0.2977941176,
        "r":0.1538461538,
        "f":0.2028804008
      },
      "boredom":{
        "p":0.0,
        "r":0.0,
        "f":0.0
      },
      "fun":{
        "p":0.1317829457,
        "r":0.0456989247,
        "f":0.0678642715
      },
      "enthusiasm":{
        "p":0.0,
        "r":0.0,
        "f":0.0
      },
      "love":{
        "p":0.3835294118,
        "r":0.2242090784,
        "f":0.2829861111
      },
      "anger":{
        "p":0.0,
        "r":0.0,
        "f":0.0
      },
      "neutral":{
        "p":0.3068833652,
        "r":0.1867364747,
        "f":0.2321880651
      },
      "surprise":{
        "p":0.1516853933,
        "r":0.0610859729,
        "f":0.0870967742
      },
      "relief":{
        "p":0.1652173913,
        "r":0.0629139073,
        "f":0.0911270983
      },
      "worry":{
        "p":0.3399311532,
        "r":0.2373798077,
        "f":0.279547063
      },
      "hate":{
        "p":0.3373493976,
        "r":0.1056603774,
        "f":0.1609195402
      },
      "sadness":{
        "p":0.2852614897,
        "r":0.17578125,
        "f":0.2175226586
      }
    },
    "cats_macro_auc_per_type":0.0,
    "textcat_loss":0.0106511712
  }
}