{
  "lang":"en",
  "name":"pipeline",
  "version":"0.0.0",
  "spacy_version":">=3.2.1,<3.3.0",
  "description":"",
  "author":"",
  "email":"",
  "url":"",
  "license":"",
  "spacy_git_version":"800737b41",
  "vectors":{
    "width":0,
    "vectors":0,
    "keys":0,
    "name":null,
    "mode":"default"
  },
  "labels":{
    "textcat":[
      "happiness",
      "boredom",
      "fun",
      "enthusiasm",
      "love",
      "anger",
      "neutral",
      "surprise",
      "relief",
      "worry",
      "hate",
      "sadness"
    ]
  },
  "pipeline":[
    "textcat"
  ],
  "components":[
    "textcat"
  ],
  "disabled":[

  ],
  "performance":{
    "cats_score":0.1351288966,
    "cats_score_desc":"macro F",
    "cats_micro_p":0.3009730708,
    "cats_micro_r":0.1704909627,
    "cats_micro_f":0.2176759411,
    "cats_macro_p":0.1954422147,
    "cats_macro_r":0.10552781,
    "cats_macro_f":0.1351288966,
    "cats_macro_auc":0.6028493695,
    "cats_f_per_type":{
      "happiness":{
        "p":0.2942176871,
        "r":0.1642924976,
        "f":0.2108470445
      },
      "boredom":{
        "p":0.0,
        "r":0.0,
        "f":0.0
      },
      "fun":{
        "p":0.115942029,
        "r":0.0430107527,
        "f":0.062745098
      },
      "enthusiasm":{
        "p":0.0,
        "r":0.0,
        "f":0.0
      },
      "love":{
        "p":0.3772727273,
        "r":0.2283356259,
        "f":0.2844901457
      },
      "anger":{
        "p":0.0,
        "r":0.0,
        "f":0.0
      },
      "neutral":{
        "p":0.3079122974,
        "r":0.1878999418,
        "f":0.2333815029
      },
      "surprise":{
        "p":0.1477272727,
        "r":0.0588235294,
        "f":0.0841423948
      },
      "relief":{
        "p":0.1652173913,
        "r":0.0629139073,
        "f":0.0911270983
      },
      "worry":{
        "p":0.3373493976,
        "r":0.2355769231,
        "f":0.2774239207
      },
      "hate":{
        "p":0.3139534884,
        "r":0.1018867925,
        "f":0.1538461538
      },
      "sadness":{
        "p":0.2857142857,
        "r":0.18359375,
        "f":0.2235434007
      }
    },
    "cats_macro_auc_per_type":0.0,
    "textcat_loss":0.0101904562
  }
}